2017-10-27 16:53:59.864034,Button Pressed
2017-10-27 16:54:00.301001,Button Pressed
2017-10-27 16:54:00.689618,Button Pressed
2017-10-27 16:54:01.067488,Button Pressed
2017-10-27 16:54:01.366673,Button Pressed
2017-10-27 16:54:01.651098,Button Pressed
2017-10-27 16:54:01.894672,Button Pressed
2017-10-27 16:56:13.679245,Button Pressed
2017-10-27 16:56:13.922007,Button Pressed
2017-10-27 16:56:35.319702,Button Pressed
2017-10-27 16:56:35.555851,Button Pressed
2017-10-27 16:56:35.798008,Button Pressed
2017-10-27 17:00:21.436895,Button Pressed
2017-10-27 17:00:21.661277,Button Pressed
2017-10-27 17:00:21.862351,Button Pressed
2017-10-27 17:00:22.063251,Button Pressed
2017-10-27 17:00:22.264306,Button Pressed
2017-10-27 17:00:22.465299,Button Pressed
2017-10-27 17:00:22.694652,Button Pressed
2017-10-27 17:00:22.949266,Button Pressed
2017-10-27 17:00:25.468961,Button Pressed
2017-10-27 17:00:25.669773,Button Pressed
2017-10-27 17:12:08.749392,Button Pressed
2017-10-27 17:12:08.950602,Button Pressed
2017-10-27 17:12:09.151571,Button Pressed
2017-10-27 17:12:09.386230,Button Pressed
