2017-10-26 20:45:01.429167,0.02075503115128344
2017-10-26 20:45:02.683365,0.02047864003506551
2017-10-26 20:45:03.937342,0.0202056464028436
2017-10-26 20:45:05.191514,0.02175538656469178
2017-10-26 21:08:16.435452,2.84105444762862e-05
2017-10-26 21:08:17.693644,0.013745672837174372
2017-10-26 21:10:45.978429,0.01879235564831526
2017-10-26 21:10:47.232630,0.3596479903622358
2017-10-26 21:13:56.662726,0.0001526424513744832
2017-10-26 21:13:57.916475,105.2859866989586
2017-10-26 21:13:59.170309,0.07385191788243473
2017-10-26 21:14:00.424428,0.3319498648586476
2017-10-26 21:14:01.678477,0.0019259871727289254
2017-10-26 21:14:02.932393,0.3319498648586476
2017-10-26 21:14:04.186148,0.0001526424513744832
2017-10-26 21:14:05.440184,2.7992137981899496
2017-10-26 21:15:46.407702,602.9775785265749
2017-10-26 21:15:47.661735,602.9775785265749
2017-10-26 21:18:01.963130,0.01635508174668836
2017-10-26 21:18:03.217163,0.01752392933413819
2017-10-26 21:18:04.470577,0.015795139143746976
2017-10-26 21:18:05.724871,0.01644758258120228
2017-10-26 21:18:06.978956,0.015522048567592156
2017-10-26 21:18:08.233126,0.016737491146798893
2017-10-26 21:18:09.487141,0.015611440941945838
2017-10-26 21:18:10.741376,0.016450242800845845
2017-10-26 21:18:11.995761,0.015979762576792206
2017-10-26 21:18:13.253708,0.01753581670077949
2017-10-26 21:18:14.509191,0.016354601283683188
2017-10-26 21:18:15.763080,0.015886200524704786
2017-10-26 21:18:17.017216,0.015704705819917304
2017-10-26 21:18:18.270553,0.015702857214999692
2017-10-26 21:18:19.524872,0.015522716703305886
2017-10-26 21:18:20.779050,0.016354841969508937
2017-10-26 21:18:22.033109,0.01644951757489182
2017-10-26 21:18:23.286985,0.01713012400999141
2017-10-26 21:18:24.540953,0.016166719274293546
2017-10-26 21:18:25.795127,0.016641572642280784
2017-10-26 21:18:27.049146,0.015978590195316163
2017-10-26 21:18:28.303094,0.016449277062235545
2017-10-26 21:18:29.557228,0.015881297548205425
2017-10-26 21:18:30.811344,0.01570077869021017
2017-10-26 21:18:32.065497,0.015612362332303875
2017-10-26 21:18:33.319510,0.016737739502327067
2017-10-26 21:18:34.575144,0.016069483799641435
2017-10-26 21:18:35.829610,0.015257879906085754
2017-10-26 21:18:37.083896,0.016836799966298867
2017-10-26 21:18:38.337760,0.015885723965747334
2017-10-26 21:18:39.591634,0.01635508174668836
2017-10-26 21:18:40.845702,0.01561488590946645
2017-10-26 21:18:42.102199,0.014907490879581117
2017-10-26 21:18:43.356411,0.016450242800845876
2017-10-26 21:18:44.610821,0.01664108584695641
2017-10-26 21:18:45.864967,0.01673970959720594
2017-10-26 21:18:47.118792,0.016259144213034437
2017-10-26 21:18:48.372880,0.01615739201320471
2017-10-26 21:18:49.631031,0.016260096670503946
2017-10-26 21:18:50.885047,0.015979760787286777
2017-10-26 21:18:52.140085,0.018706413200831586
2017-10-26 21:18:53.394259,0.01616434551439022
2017-10-26 21:18:54.648146,0.016735519481698394
2017-10-26 21:18:55.902387,0.01673527394211657
2017-10-26 21:18:57.156716,0.015256092081992485
2017-10-26 21:18:58.411114,0.016450001361022783
2017-10-26 21:18:59.665250,0.016738723583910993
2017-10-26 21:19:00.918934,0.01635508174668836
2017-10-26 21:19:02.173072,0.01859052173746054
2017-10-26 21:19:03.427362,0.016259144213034437
2017-10-26 21:19:04.681628,0.016352199174576167
2017-10-26 21:19:05.935614,0.01635508174668836
2017-10-26 21:19:07.189696,0.016836302600659724
2017-10-26 21:19:08.443597,0.017641304018577164
2017-10-26 21:19:09.697655,0.016836302600659724
2017-10-26 21:19:10.951512,0.01794748516899198
2017-10-26 21:19:12.205711,0.01673798691909738
2017-10-26 21:19:13.475707,0.017230393583325523
2017-10-26 21:19:14.729874,0.017332960034017908
2017-10-26 21:19:15.983507,0.018158946840232396
2017-10-26 21:19:17.237176,0.016835803357891248
2017-10-26 21:19:18.491288,0.01683729546418536
2017-10-26 21:19:19.745231,0.016351707832610658
2017-10-26 21:19:20.999164,0.01644661885261721
2017-10-26 21:19:22.253248,0.01644562567380911
2017-10-26 21:19:23.507623,0.01635435968461954
2017-10-26 21:19:24.761750,0.01664206130442673
2017-10-26 21:19:26.015884,0.015886662856607135
2017-10-26 21:19:27.269818,0.016447087795713373
2017-10-26 21:19:28.523695,0.01597671207339348
2017-10-26 21:19:29.777825,0.016259619529229167
2017-10-26 21:19:31.031954,0.016544603590109157
2017-10-26 21:19:32.285766,0.016641080269553358
2017-10-26 21:19:33.539762,0.01673946308858158
2017-10-26 21:19:34.793680,0.016354601283683188
2017-10-26 21:19:36.058148,0.015610058076449903
2017-10-26 21:19:37.312133,0.01654460174382584
2017-10-26 21:19:38.566150,0.016823797505620637
2017-10-26 21:19:39.820061,0.016353158156171714
2017-10-26 21:19:41.073574,0.017133640170921956
2017-10-26 21:19:42.328642,0.015886662856607135
2017-10-26 21:19:43.586797,0.017133136183237297
2017-10-26 21:19:44.847514,0.015979295217427417
2017-10-26 21:19:46.101525,0.015793038985238882
2017-10-26 21:19:47.355446,0.01683729546418536
2017-10-26 21:19:48.616871,0.016935310680896393
2017-10-26 21:19:49.870502,0.016543129319287628
2017-10-26 21:19:51.123584,0.01673921564582105
2017-10-26 21:19:52.381237,0.0160713767296068
2017-10-26 21:19:53.635528,0.016544603590109157
2017-10-26 21:19:54.889712,0.015517090017441908
2017-10-26 21:19:56.143828,0.016642551842973585
2017-10-26 21:19:57.398103,0.016353156316750352
2017-10-26 21:19:58.659883,0.016354601283683188
2017-10-26 21:19:59.913821,0.01663670531235474
2017-10-26 21:20:01.167886,0.019260184578187598
2017-10-26 21:20:02.422110,0.016836799966298867
2017-10-26 21:20:03.676147,0.01597905753012028
2017-10-26 21:20:04.942410,0.01673946308858158
2017-10-26 21:20:06.197406,0.016449277062235545
2017-10-26 21:20:07.466455,0.01644951757489182
2017-10-26 21:20:08.720343,0.015977639462193022
2017-10-26 21:20:09.974413,0.016068526593702635
2017-10-26 21:20:11.228540,0.017743087684482545
2017-10-26 21:20:12.482760,0.017133640170921956
2017-10-26 21:20:13.736558,0.016545333821442416
2017-10-26 21:20:14.990523,0.016071856298484583
2017-10-26 21:20:16.249172,0.017308977471337916
2017-10-26 21:20:17.502984,0.017033756485743682
2017-10-26 21:20:18.756923,0.015979760787286777
2017-10-26 21:20:20.010966,0.016260336611857915
2017-10-26 21:20:21.264965,0.015701697548106713
2017-10-26 21:20:22.518693,0.016069965112132854
2017-10-26 21:20:23.772681,0.017026282838995717
2017-10-26 21:20:25.026817,0.015789302887925686
2017-10-26 21:20:26.281008,0.016073271690505774
2017-10-26 21:20:27.545163,0.01569798717337347
2017-10-26 21:20:28.812805,0.019350253859530472
2017-10-26 21:20:30.066745,0.01683281387739819
2017-10-26 21:20:31.320212,0.01626033661185795
2017-10-26 21:20:32.573614,0.01713313234340507
2017-10-26 21:20:33.835679,0.01607091516729097
2017-10-26 21:20:35.089799,0.017033754583908427
2017-10-26 21:20:36.344268,0.015608212132521853
2017-10-26 21:20:37.598615,0.016165769726917474
2017-10-26 21:20:38.852733,0.01625481246139105
2017-10-26 21:20:40.106886,0.015980231732950986
2017-10-26 21:20:41.360808,0.016354841969508937
2017-10-26 21:20:42.627148,0.016545091639199427
2017-10-26 21:20:43.881123,0.015794206691889044
2017-10-26 21:20:45.135119,0.01654460174382584
2017-10-26 21:20:46.389073,0.015792578123225647
2017-10-26 21:20:47.643554,0.015611682653606967
2017-10-26 21:20:48.897729,0.01663567261517034
2017-10-26 21:20:50.152176,0.01683655080881015
2017-10-26 21:20:51.405988,0.016935559681783587
2017-10-26 21:20:52.659971,0.01626057564623558
2017-10-26 21:20:53.913560,0.01743596150003833
2017-10-26 21:21:29.664552,0.020425087009210807
2017-10-26 21:21:30.918609,0.019489901442587033
2017-10-26 21:21:32.172619,0.01972002156018234
2017-10-26 21:21:33.426843,0.02090366651473389
2017-10-26 21:21:34.680950,0.0209052050188993
2017-10-26 21:21:35.934852,0.020784689951027797
2017-10-26 21:21:37.188814,0.019956001533290888
2017-10-26 21:21:38.443013,0.019716528878046518
2017-10-26 21:21:39.696976,0.020186403105107182
2017-10-26 21:21:40.951008,0.020187583744824697
2017-10-26 21:21:42.205025,0.020066384560506065
2017-10-26 21:21:43.458344,0.02042358025587531
2017-10-26 21:21:44.729546,0.02007139426032874
2017-10-26 21:21:45.983574,0.02054372065400452
2017-10-26 21:21:47.237503,0.020305770904841168
2017-10-26 21:21:48.491865,0.01960876541141442
2017-10-26 21:21:49.746139,0.022031761060861826
2017-10-26 21:21:50.999889,0.020902443967888464
2017-10-26 21:21:52.253573,0.02018521127456693
2017-10-26 21:21:53.507722,0.020662873625180395
2017-10-26 21:21:54.761530,0.020540086037488622
2017-10-26 21:21:56.015690,0.021149982405925204
2017-10-26 21:21:57.269594,0.02066348403255971
2017-10-26 21:21:58.523991,0.02065923926087373
2017-10-26 21:21:59.778033,0.02151596180501772
2017-10-26 21:22:01.033593,0.02139473011280435
2017-10-26 21:22:02.287469,0.0213991411627951
2017-10-26 21:22:03.541661,0.01961194680044075
2017-10-26 21:22:04.795964,0.019381930446130975
2017-10-26 21:22:06.050066,0.020542515164655373
2017-10-26 21:22:07.303613,0.019840522958676898
2017-10-26 21:22:08.557607,0.020780724522433545
2017-10-26 21:22:09.811633,0.019952765902298487
2017-10-26 21:22:11.065570,0.019838183493078664
2017-10-26 21:22:12.319416,0.018725158504825614
2017-10-26 21:22:13.573543,0.02078132518454424
2017-10-26 21:22:14.827643,0.020072280433358004
2017-10-26 21:22:16.081547,0.0194991208418316
2017-10-26 21:22:17.335455,0.020544326871134576
2017-10-26 21:22:18.589553,0.020781032381728362
2017-10-26 21:22:19.843614,0.01972059674999655
2017-10-26 21:22:21.097435,0.020188179727290933
2017-10-26 21:22:22.351294,0.0203054725490996
2017-10-26 21:22:23.605282,0.020782554361275376
2017-10-26 21:22:24.859303,0.020072280433358004
2017-10-26 21:22:26.113414,0.019607914537333643
2017-10-26 21:22:27.367583,0.020181013171677906
2017-10-26 21:22:28.622258,0.021023164088427977
2017-10-26 21:22:29.876190,0.021649874083125506
2017-10-26 21:22:31.130288,0.02066257016322966
2017-10-26 21:22:32.384938,0.021149359587952273
2017-10-26 21:22:33.638857,0.02065803943166967
2017-10-26 21:22:34.892818,0.01972584053539538
2017-10-26 21:22:36.146961,0.01972584053539538
2017-10-26 21:22:37.400924,0.020784996712412636
2017-10-26 21:22:38.654938,0.021015977814119322
2017-10-26 21:22:39.908804,0.02177832838235266
2017-10-26 21:22:41.163000,0.021521354631271007
2017-10-26 21:22:42.416755,0.020905205018899236
2017-10-26 21:22:43.670541,0.019162725491326846
2017-10-26 21:22:44.925125,0.019724391710509357
2017-10-26 21:22:46.179132,0.020424185684095875
2017-10-26 21:22:47.434095,0.02007168852395977
2017-10-26 21:22:48.687960,0.02078377434098164
2017-10-26 21:22:49.942124,0.02030277046037048
2017-10-26 21:22:51.196358,0.02042328097517026
2017-10-26 21:22:52.456779,0.018298371050759994
2017-10-26 21:22:53.710926,0.022424702733922403
2017-10-26 21:22:54.964806,0.01995570928868358
2017-10-26 21:22:56.219673,0.020188773468798327
2017-10-26 21:22:57.473634,0.01960731248638569
2017-10-26 21:22:58.727576,0.021524868655097684
2017-10-26 21:22:59.982717,0.021397555674146924
2017-10-26 21:23:01.236220,0.020188476031409185
2017-10-26 21:23:02.496406,0.019725262974326738
2017-10-26 21:23:03.750617,0.0198329240489605
2017-10-26 21:23:05.004553,0.019955413705787572
2017-10-26 21:23:06.258653,0.019724683233279125
2017-10-26 21:23:07.513084,0.021138468783193382
2017-10-26 21:23:08.767130,0.020782547407848725
2017-10-26 21:23:10.021044,0.019498834378824235
2017-10-26 21:23:11.275190,0.021775420889188574
2017-10-26 21:23:12.529127,0.020905819282392227
2017-10-26 21:23:13.783240,0.02152423266592862
2017-10-26 21:23:15.037007,0.02127397202368272
2017-10-26 21:23:16.291276,0.02102779036397232
2017-10-26 21:23:17.545403,0.021135455021697017
2017-10-26 21:23:18.805697,0.01995482365683245
2017-10-26 21:23:20.059710,0.020302472157138447
2017-10-26 21:23:21.313975,0.01983466146360613
2017-10-26 21:23:22.572463,0.020304874717458312
2017-10-26 21:23:23.827888,0.019384792326651898
2017-10-26 21:23:25.082082,0.019268998313890444
2017-10-26 21:23:26.335995,0.02007198503906837
2017-10-26 21:23:27.590149,0.019948661121072395
2017-10-26 21:23:28.844057,0.020306670552936723
2017-10-26 21:23:30.097988,0.02090643590163329
2017-10-26 21:23:31.352127,0.020541291357051756
2017-10-26 21:23:32.606383,0.02127459921501318
2017-10-26 21:23:33.860364,0.021651796611086255
2017-10-26 21:23:35.113566,0.020783157380954386
2017-10-26 21:23:36.367398,0.02030547595672288
2017-10-26 21:23:37.622004,0.020072280433358004
2017-10-26 21:23:38.876220,0.02007169077025956
2017-10-26 21:23:40.130119,0.02018817972729089
2017-10-26 21:23:41.383518,0.019953654785548607
2017-10-26 21:23:42.637493,0.020186985510134925
2017-10-26 21:23:43.892674,0.019611368827880116
2017-10-26 21:23:45.146877,0.019722362216277132
2017-10-26 21:23:46.400914,0.018404036347619293
2017-10-26 21:23:47.655097,0.01882575622907711
2017-10-26 21:23:48.909435,0.019839064095508587
2017-10-26 21:23:50.163604,0.02090643590163329
2017-10-26 21:23:51.417775,0.01949597868696954
2017-10-26 21:23:52.671634,0.019382212709951708
2017-10-26 21:23:53.925530,0.02042448498059191
2017-10-26 21:23:55.179777,0.018943966258656342
2017-10-26 21:23:56.433947,0.021028411270613806
2017-10-26 21:23:57.687671,0.019838473688823896
2017-10-26 21:23:58.941730,0.02066317824631767
2017-10-26 21:24:00.195635,0.019955121471433575
2017-10-27 00:30:40.114318,0.015759412463541952
2017-10-27 00:30:41.372365,0.016488821833882242
2017-10-27 00:30:42.626176,0.017457606841691058
2017-10-27 00:30:43.880038,0.017861632753025714
2017-10-27 00:30:45.134079,0.01726055539567056
2017-10-27 00:30:46.387985,0.017359756693862645
2017-10-27 00:30:47.641909,0.017557646138024206
2017-10-27 00:30:48.895800,0.017261307228814977
2017-10-27 00:30:50.149650,0.015763753894069258
2017-10-27 00:30:51.403497,0.016400040945010658
2017-10-27 00:30:52.657190,0.01716302357134846
2017-10-27 00:30:53.911018,0.017061942295613704
2017-10-27 00:30:55.164271,0.014817488199890523
2017-10-27 00:30:56.418130,0.01585234145525432
2017-10-27 00:30:57.671776,0.015853026920973397
2017-10-27 00:30:58.925572,0.015587681569958586
2017-10-27 00:31:00.179713,0.016871408434579085
2017-10-27 00:31:01.433985,0.016124472015710687
2017-10-27 00:31:02.687764,0.01686945119395362
2017-10-27 00:31:03.941551,0.016213112669295256
2017-10-27 00:31:05.195689,0.015499738761757299
2017-10-27 00:31:06.449514,0.015587004560166613
2017-10-27 00:31:07.703293,0.015411276475127923
2017-10-27 00:31:08.956901,0.017062679125659203
2017-10-27 00:31:10.210673,0.015763299105441657
2017-10-27 00:31:11.464396,0.01524075554087485
2017-10-27 00:31:12.718381,0.015499063702607277
2017-10-27 00:31:13.972160,0.014488762327042633
2017-10-27 00:31:15.226144,0.01523855273354219
2017-10-27 00:31:16.479969,0.01524009474760395
2017-10-27 00:31:17.733940,0.01639454506387564
2017-10-27 00:31:18.987525,0.0154992913133164
2017-10-27 00:31:20.241219,0.01532628475669854
2017-10-27 00:31:21.495208,0.015150548014227314
2017-10-27 00:31:22.748814,0.014816633464910755
2017-10-27 00:31:24.002656,0.014900408972731998
2017-10-27 00:31:25.256237,0.01432806511002849
2017-10-27 00:31:26.510495,0.014567800599286576
2017-10-27 00:31:27.767797,0.01567394661676024
2017-10-27 00:31:29.021605,0.01481770230295963
2017-10-27 00:31:30.275661,0.014570333279538501
2017-10-27 00:31:31.529539,0.015068141492909406
2017-10-27 00:31:32.783608,0.015943592006915433
2017-10-27 00:31:34.037408,0.014570750575136246
2017-10-27 00:31:35.291125,0.015498842153857858
2017-10-27 00:31:36.545404,0.0158525655251922
2017-10-27 00:31:37.799355,0.015240315290986238
2017-10-27 00:31:39.054445,0.015853715062003365
2017-10-27 00:31:40.308528,0.015409495486483573
2017-10-27 00:31:41.562321,0.017260804399202488
2017-10-27 00:31:42.816306,0.016400040945010658
2017-10-27 00:31:44.070064,0.016776734922394048
2017-10-27 00:31:45.324246,0.017962346212753062
2017-10-27 00:31:46.578194,0.01726055347286738
2017-10-27 00:31:47.832005,0.017257286953488687
2017-10-27 00:31:49.085909,0.01706391671161943
2017-10-27 00:31:50.339513,0.01706540478922903
2017-10-27 00:31:51.593192,0.017558925604213012
2017-10-27 00:31:52.847125,0.017659401325877802
2017-10-27 00:33:15.150658,0.019010946403369398
2017-10-27 00:33:16.404214,0.019551695474694555
2017-10-27 00:33:17.658463,0.019994771373467432
2017-10-27 00:33:18.912122,0.021414162968643756
2017-10-27 00:33:20.166140,0.020114676513051148
2017-10-27 00:33:21.420340,0.019118372409754517
2017-10-27 00:33:22.674116,0.020116132679914692
2017-10-27 00:33:23.928062,0.018686740582580758
2017-10-27 00:33:25.182205,0.020113496821242357
2017-10-27 00:33:26.436137,0.019777473108101483
2017-10-27 00:33:27.690187,0.02023104206748365
2017-10-27 00:33:28.944160,0.019114237832454046
2017-10-27 00:33:30.203612,0.0196661937946211
2017-10-27 00:33:31.457750,0.020566939939791647
2017-10-27 00:33:32.712734,0.020695244261933837
2017-10-27 00:33:33.966961,0.01900434400426669
2017-10-27 00:33:35.221098,0.019776900529081768
2017-10-27 00:33:36.475187,0.021537640817514546
2017-10-27 00:33:37.729428,0.020001420623665778
2017-10-27 00:33:38.983428,0.021660388170648748
2017-10-27 00:33:40.236882,0.02069253519337898
2017-10-27 00:33:41.490727,0.020457548677971137
2017-10-27 00:33:42.744627,0.019335404779816014
2017-10-27 00:33:43.998721,0.020461427375009552
2017-10-27 00:33:45.252479,0.020230747941030126
2017-10-27 00:33:46.506310,0.019885197966002122
2017-10-27 00:33:47.760453,0.019887496784362524
2017-10-27 00:33:49.014729,0.021051509373274126
2017-10-27 00:33:50.268924,0.01955282515366163
2017-10-27 00:33:51.522908,0.020231042067483607
2017-10-27 00:33:52.776753,0.021659438371431316
2017-10-27 00:33:54.030869,0.020002872594814522
2017-10-27 00:33:55.284907,0.02023133619903047
2017-10-27 00:33:56.538003,0.02023045494656191
2017-10-27 00:33:57.792137,0.021414787633300767
2017-10-27 00:33:59.046316,0.020461725500427
2017-10-27 00:34:00.300164,0.019997352133266116
2017-10-27 00:34:01.554138,0.019999102828161006
2017-10-27 00:34:02.808649,0.018680747269218076
2017-10-27 00:34:04.063243,0.021170955055311386
2017-10-27 00:34:05.317305,0.02057809091913555
2017-10-27 00:34:06.571797,0.019664194502628355
2017-10-27 00:34:07.825854,0.02046231834573407
2017-10-27 00:34:09.086643,0.019777759402199502
2017-10-27 00:34:10.340665,0.020695244261933837
2017-10-27 00:34:11.594596,0.020687093806564853
2017-10-27 00:34:12.848512,0.021052427505375667
2017-10-27 00:34:14.102670,0.02034141242957143
2017-10-27 00:34:15.364362,0.02022956694984675
2017-10-27 00:34:16.627581,0.020813194052575375
2017-10-27 00:34:17.887623,0.01827192485804828
2017-10-27 00:34:19.141893,0.02046172322174915
2017-10-27 00:34:20.395700,0.019888636337131744
2017-10-27 00:34:21.649378,0.019555659445722042
2017-10-27 00:34:22.903484,0.021644557631263276
2017-10-27 00:34:24.158626,0.019663624738293015
2017-10-27 00:34:25.412617,0.01988691047191356
2017-10-27 00:34:26.668655,0.019663910165502157
2017-10-27 00:34:27.922669,0.02046172322174915
2017-10-27 00:34:29.177898,0.020115549528823128
2017-10-27 00:34:30.431827,0.020459635275445965
2017-10-27 00:34:31.685817,0.020346140739467715
2017-10-27 00:34:32.940014,0.021784922325170424
2017-10-27 00:34:34.194124,0.020460832281888983
2017-10-27 00:34:35.448387,0.02069433772480613
2017-10-27 00:34:36.702741,0.019995875919721986
2017-10-27 00:34:37.956797,0.020230747941030126
2017-10-27 00:34:39.211352,0.01977344886160972
2017-10-27 00:34:40.465423,0.020344960819894602
2017-10-27 00:34:41.719789,0.02093072958930457
2017-10-27 00:34:42.973534,0.01999209847917499
2017-10-27 00:34:44.227637,0.02057868778239006
2017-10-27 00:34:45.481453,0.019317685715957135
2017-10-27 00:34:46.735553,0.02034378323332579
2017-10-27 00:34:48.000767,0.020002582415182907
2017-10-27 00:34:49.267501,0.02023104206748365
2017-10-27 00:34:50.521408,0.020695244261933837
2017-10-27 00:34:51.775413,0.02034584575338049
2017-10-27 00:34:53.041704,0.02034554736296465
2017-10-27 00:34:54.295719,0.02034584575338049
2017-10-27 00:34:55.557469,0.020696147372753257
2017-10-27 00:34:56.811678,0.020811678729704276
2017-10-27 00:34:58.065494,0.020575993444965666
2017-10-27 00:34:59.319250,0.02093286200794164
2017-10-27 00:35:00.577744,0.02267131979308246
2017-10-27 00:35:01.832492,0.020578389920258754
2017-10-27 00:35:03.086492,0.020813194052575375
2017-10-27 00:35:04.340600,0.02141416654946598
2017-10-27 00:35:05.595416,0.018686721728743312
2017-10-27 00:35:06.849410,0.020002872594814522
2017-10-27 00:35:08.103502,0.020110254681706453
2017-10-27 00:35:09.357629,0.019010948523284905
2017-10-27 00:35:10.611483,0.019227082301709338
2017-10-27 00:35:11.865284,0.019658743301516447
2017-10-27 00:35:13.119410,0.019885737761049817
2017-10-27 00:35:14.388107,0.019886312985462156
2017-10-27 00:35:15.642073,0.01858568335852485
2017-10-27 00:35:16.896261,0.02178301341552534
2017-10-27 00:35:18.149932,0.021134644453644585
2017-10-27 00:35:19.404988,0.021172807335107426
2017-10-27 00:35:20.660751,0.01922289718758117
2017-10-27 00:35:21.914602,0.020930419786563507
2017-10-27 00:35:23.168442,0.019666763647622293
2017-10-27 00:35:24.422430,0.02022957598773271
2017-10-27 00:35:25.676436,0.02117188176891115
2017-10-27 00:35:26.930327,0.01900984972911915
2017-10-27 00:35:28.184495,0.019776044990849423
2017-10-27 00:35:29.438295,0.020002005400543692
2017-10-27 00:35:30.692254,0.019776897221554526
2017-10-27 00:35:31.946649,0.02034554963785492
2017-10-27 00:35:33.200735,0.02023045494656191
2017-10-27 00:35:34.456245,0.01999734758439641
2017-10-27 00:35:35.710191,0.020813194052575375
2017-10-27 00:35:36.964066,0.022262640304209522
2017-10-27 00:35:38.218011,0.022157509304405028
2017-10-27 00:35:39.474092,0.020002291123086064
2017-10-27 00:35:40.728228,0.020002291123086064
2017-10-27 00:35:41.981920,0.01890232597321243
2017-10-27 00:35:43.237283,0.019551684570781904
2017-10-27 00:35:44.491886,0.019222338357038956
2017-10-27 00:35:45.746819,0.01933512609624924
2017-10-27 00:35:47.001000,0.020577790773212524
2017-10-27 00:35:48.255247,0.019999960933728612
2017-10-27 00:35:49.509412,0.020112922760140275
2017-10-27 00:35:50.763346,0.020928888425576827
2017-10-27 00:35:52.017439,0.019886312985462156
2017-10-27 00:35:53.271805,0.01977661424979213
2017-10-27 00:35:54.525776,0.020695244261933837
2017-10-27 00:35:55.779628,0.02034554963785492
2017-10-27 00:35:57.033393,0.021780138766787093
2017-10-27 00:35:58.287780,0.0197746015801996
2017-10-27 00:35:59.541714,0.01944389490766305
2017-10-27 00:36:00.796166,0.019443612194256468
2017-10-27 00:36:02.050185,0.01966534068904038
2017-10-27 00:36:03.304106,0.020931338655164763
2017-10-27 00:36:04.557996,0.021415099970711445
2017-10-27 00:36:05.811920,0.020812895622247002
2017-10-27 00:36:07.065586,0.020813495967238388
2017-10-27 00:36:08.319403,0.020115549528823128
2017-10-27 00:36:09.573310,0.019888058818578115
2017-10-27 00:36:10.828492,0.020116716976239978
2017-10-27 00:36:12.082235,0.019555093425102983
2017-10-27 00:36:13.336191,0.019334846344258444
2017-10-27 00:36:14.590091,0.019008195326402428
2017-10-27 00:36:15.844147,0.02080864966135707
2017-10-27 00:36:17.097920,0.019889791445542197
2017-10-27 00:36:18.351916,0.0192254096644901
2017-10-27 00:36:19.605913,0.01747621564849671
2017-10-27 00:36:20.859907,0.01911589049633902
2017-10-27 00:36:22.114063,0.02069494323739406
2017-10-27 00:36:23.368061,0.019443328394216884
2017-10-27 00:36:24.622040,0.02056640135511256
2017-10-27 00:36:25.876436,0.020230747941030126
2017-10-27 00:36:27.130212,0.019333437921125306
2017-10-27 00:36:28.384104,0.018463273001750234
2017-10-27 00:36:29.638188,0.021278322984448483
2017-10-27 00:36:30.892145,0.019553954888147377
2017-10-27 00:36:32.145979,0.019888642979717343
2017-10-27 00:36:33.399857,0.019555943007269982
2017-10-27 00:36:34.653840,0.020461427375009552
2017-10-27 00:36:35.907786,0.019888926774515127
2017-10-27 00:36:37.161861,0.020229280754066263
2017-10-27 00:36:38.415593,0.019888932301569566
2017-10-27 00:36:39.669672,0.018275340393347946
2017-10-27 00:36:40.923529,0.019666763647622293
2017-10-27 00:36:42.177733,0.01889819422919962
2017-10-27 00:36:43.431735,0.019888642979717343
2017-10-27 00:36:44.686098,0.0204626153443017
2017-10-27 00:36:45.940190,0.01944049822066718
2017-10-27 00:36:47.194112,0.01944445709667832
2017-10-27 00:36:48.448967,0.019664194502628355
2017-10-27 00:36:49.705448,0.01977431752834001
2017-10-27 00:36:50.959239,0.019655020815313458
2017-10-27 00:36:52.213029,0.020002291123086064
2017-10-27 00:36:53.467045,0.02141385302858364
2017-10-27 00:36:54.721194,0.019555659445722042
2017-10-27 00:36:55.975185,0.02178397330874083
2017-10-27 00:36:57.229030,0.01977718350572312
2017-10-27 00:36:58.483100,0.020577191646943924
2017-10-27 00:36:59.737022,0.01955452524290978
2017-10-27 00:37:00.991061,0.020116132679914692
2017-10-27 00:37:02.245251,0.020457566950331588
2017-10-27 00:37:03.500768,0.019888636337131744
2017-10-27 00:37:04.754104,0.01955110335508269
2017-10-27 00:37:06.008214,0.019010948523284905
2017-10-27 00:37:07.263800,0.019889791445542197
2017-10-27 00:37:08.517800,0.020117009129109263
2017-10-27 00:37:09.771761,0.02057689036082467
2017-10-27 00:37:11.025774,0.0204626153443017
2017-10-27 00:37:12.279490,0.019555093425102983
2017-10-27 00:37:13.533427,0.0194450214716019
2017-10-27 00:37:14.789697,0.019551120890338426
2017-10-27 00:37:16.043852,0.021052120282451472
2017-10-27 00:37:17.297577,0.019775460334400995
2017-10-27 00:37:18.551669,0.01933344762903191
2017-10-27 00:37:19.805973,0.020344663579410574
2017-10-27 00:37:21.059603,0.019887775038531716
2017-10-27 00:37:22.314159,0.02045964214579943
2017-10-27 00:37:23.568029,0.020346140739467715
2017-10-27 00:37:24.822808,0.021291832821776584
2017-10-27 00:37:26.076972,0.020341719787588843
2017-10-27 00:37:27.330585,0.020230452686991543
2017-10-27 00:37:28.584535,0.019443608936348302
2017-10-27 00:37:29.838591,0.02177346909033393
2017-10-27 00:37:31.093033,0.02117188176891115
2017-10-27 00:37:32.346820,0.020459942507059653
2017-10-27 00:37:33.600826,0.019886612306585137
2017-10-27 00:37:34.854713,0.01988921610128464
2017-10-27 00:37:36.108706,0.020694945547040523
2017-10-27 00:37:37.362497,0.019665337403723858
2017-10-27 00:37:38.616224,0.02034584575338049
2017-10-27 00:37:39.871085,0.019006004431288834
2017-10-27 00:37:41.126385,0.019774886728055524
2017-10-27 00:37:42.380300,0.020002870365487865
2017-10-27 00:37:43.634522,0.020345551901131468
2017-10-27 00:37:44.888470,0.020457857067036827
2017-10-27 00:37:46.143061,0.020346140739467715
2017-10-27 00:37:47.397745,0.01944389490766305
2017-10-27 00:37:48.654052,0.020668146350097824
2017-10-27 00:37:49.909537,0.020691938978297436
2017-10-27 00:37:51.164182,0.019999384009160525
2017-10-27 00:37:52.418993,0.019332319052938658
2017-10-27 00:37:53.673393,0.01988546845306874
2017-10-27 00:37:54.927753,0.020696147372753257
2017-10-27 00:37:56.181650,0.01954941677029177
2017-10-27 00:37:57.436601,0.02034554736296465
2017-10-27 00:37:58.692030,0.020342285806568678
2017-10-27 00:37:59.945871,0.019332608468780186
2017-10-27 00:38:01.199832,0.019666763647622293
2017-10-27 00:38:02.454126,0.021536701030980883
2017-10-27 00:38:03.707957,0.020692528229774708
2017-10-27 00:38:04.961965,0.02093012287356029
2017-10-27 00:38:06.215876,0.02093072256615866
2017-10-27 00:38:07.469911,0.01900652828059109
2017-10-27 00:38:08.723999,0.020346140739467715
2017-10-27 00:38:09.978809,0.020931340996269615
2017-10-27 00:38:11.232621,0.020116425947754972
2017-10-27 00:38:12.487136,0.02034554963785492
2017-10-27 00:38:13.742047,0.019890369024023517
2017-10-27 00:38:14.996802,0.019890080787293853
2017-10-27 00:38:16.251741,0.02034259437852815
2017-10-27 00:38:17.506237,0.01955509124394018
2017-10-27 00:38:18.761058,0.01889493613223041
2017-10-27 00:38:20.015795,0.019551968063680782
2017-10-27 00:38:21.270086,0.02022986558644244
2017-10-27 00:38:22.524412,0.019332601980589538
2017-10-27 00:38:23.779313,0.01911865163371287
2017-10-27 00:38:25.034154,0.021655654130953692
2017-10-27 00:38:26.288787,0.020577487182603278
2017-10-27 00:38:27.542537,0.020813194052575375
2017-10-27 00:38:28.797910,0.0196661937946211
2017-10-27 00:38:30.051970,0.019777187915823634
2017-10-27 00:38:31.305957,0.016802595140354117
2017-10-27 00:38:32.559861,0.02000258018589473
2017-10-27 00:38:33.813685,0.0200031616676321
2017-10-27 00:38:35.067624,0.02057749635884576
2017-10-27 00:38:36.321491,0.020813196377949563
2017-10-27 00:38:37.575682,0.020572696967013457
2017-10-27 00:38:38.829525,0.020694643369919264
2017-10-27 00:38:40.083268,0.02117034003651683
2017-10-27 00:38:41.337257,0.022675285898689626
2017-10-27 00:38:42.591138,0.019112272106349942
2017-10-27 00:38:43.845223,0.021172807335107426
2017-10-27 00:38:45.098906,0.022034947867965202
2017-10-27 00:38:46.352712,0.020001128228573913
2017-10-27 00:38:47.607804,0.02117034003651683
2017-10-27 00:38:48.861805,0.020695546449505855
2017-10-27 00:38:50.115578,0.020345252387124323
2017-10-27 00:38:51.369562,0.01911588836247788
2017-10-27 00:38:52.624697,0.02177889569627014
2017-10-27 00:38:53.879949,0.02022575182879583
2017-10-27 00:38:55.134138,0.021290596800806253
2017-10-27 00:38:56.387973,0.019658497575724937
2017-10-27 00:38:57.642889,0.020345551901131468
2017-10-27 00:38:58.897611,0.020575093090938367
2017-10-27 00:39:00.152496,0.02190966710008923
2017-10-27 00:39:01.407109,0.01933428361312113
2017-10-27 00:39:02.661743,0.02216205018821987
2017-10-27 00:39:03.916252,0.020228691434689992
2017-10-27 00:39:05.170275,0.01955396143125556
2017-10-27 00:39:06.425051,0.021172807335107426
2017-10-27 00:39:07.679960,0.020116132679914692
2017-10-27 00:39:08.934492,0.02000055350437091
2017-10-27 00:39:10.188424,0.01933429006877135
2017-10-27 00:39:11.442607,0.020576000326570778
2017-10-27 00:39:12.696538,0.02104907058958529
2017-10-27 00:39:13.950272,0.02081410329748232
2017-10-27 00:39:15.205098,0.02022427703175415
2017-10-27 00:39:16.460150,0.018169071341064786
2017-10-27 00:39:17.714097,0.019982428040483727
2017-10-27 00:39:18.967747,0.019776897221554526
2017-10-27 00:39:20.221608,0.020813194052575375
2017-10-27 00:39:21.475645,0.02000258129768442
2017-10-27 00:39:22.729611,0.02081197946446206
2017-10-27 00:39:23.983348,0.019335404779816014
2017-10-27 00:39:25.237637,0.020001132686838154
2017-10-27 00:39:26.491580,0.020344663579410574
2017-10-27 00:39:27.746326,0.020459635275445965
2017-10-27 00:39:29.000152,0.021649678388917508
2017-10-27 00:39:30.254131,0.019887476857763802
2017-10-27 00:39:31.508433,0.020342892729046658
2017-10-27 00:39:32.762393,0.02057689036082467
2017-10-27 00:39:34.017608,0.019333437921125306
2017-10-27 00:39:35.271632,0.019555093425102983
2017-10-27 00:39:36.525613,0.020696147372753302
2017-10-27 00:39:37.779419,0.020576597117601493
2017-10-27 00:39:39.033408,0.020231629208700686
2017-10-27 00:39:40.287457,0.01921225331613092
2017-10-27 00:39:41.541466,0.020578387626097806
2017-10-27 00:39:42.795608,0.020578387626097806
2017-10-27 00:39:44.049722,0.019092071790247803
2017-10-27 00:39:45.303477,0.021050893783148686
2017-10-27 00:39:46.557790,0.02011408891251105
2017-10-27 00:39:47.816804,0.020230747941030126
2017-10-27 00:39:49.071482,0.02034554963785492
2017-10-27 00:39:50.325711,0.019554529593935978
2017-10-27 00:39:51.580421,0.020115252901163762
2017-10-27 00:39:52.835110,0.01988950432308932
2017-10-27 00:39:54.089262,0.0202301630782712
2017-10-27 00:39:55.344220,0.02105089261363239
2017-10-27 00:39:56.599279,0.02267495536207159
2017-10-27 00:39:57.854380,0.02081380137232609
2017-10-27 00:39:59.109093,0.020696147372753302
2017-10-27 00:40:00.363894,0.01944389490766305
2017-10-27 00:40:01.618781,0.021051509373274126
2017-10-27 00:40:02.873597,0.02069433772480613
2017-10-27 00:40:04.129745,0.018692147156264105
2017-10-27 00:40:05.384060,0.02203172784753923
2017-10-27 00:40:06.638311,0.020695244261933837
2017-10-27 00:40:07.893067,0.022161400724857328
2017-10-27 00:40:09.148027,0.019224859274540883
2017-10-27 00:40:10.402930,0.020113215972242398
2017-10-27 00:40:11.657987,0.019994143387050925
2017-10-27 00:40:12.912991,0.02093286084028187
2017-10-27 00:40:14.167742,0.019884280267689854
2017-10-27 00:40:15.421420,0.01966647817107875
2017-10-27 00:40:16.675948,0.01955282515366163
2017-10-27 00:40:17.930147,0.01869025175260379
2017-10-27 00:40:19.186640,0.01966276186026125
2017-10-27 00:40:20.440674,0.01933372306434669
2017-10-27 00:40:21.694625,0.020117009129109263
2017-10-27 00:40:22.948647,0.020695546449505855
2017-10-27 00:41:10.490041,0.020543643602636164
2017-10-27 00:41:11.822897,0.019742657290330253
2017-10-27 00:41:13.173048,0.019738938348860875
2017-10-27 00:41:14.522929,0.021012198026947513
2017-10-27 00:41:15.877109,0.02008167341309317
2017-10-27 00:41:17.222851,0.020196216234683397
2017-10-27 00:41:18.572634,0.019515318153985266
2017-10-27 00:41:19.925541,0.02065982928130072
2017-10-27 00:41:21.272836,0.020543643602636164
2017-10-27 00:41:22.622680,0.020892431116496423
2017-10-27 00:41:23.973411,0.020778310558302933
2017-10-27 00:41:25.322739,0.021136483313489447
2017-10-27 00:41:26.672871,0.01930005401250257
2017-10-27 00:41:28.022895,0.020756508763565065
2017-10-27 00:41:29.376687,0.01907789688005801
2017-10-27 00:41:30.723340,0.019406475553113797
2017-10-27 00:41:32.072879,0.020896994445741748
2017-10-27 00:41:33.423074,0.021500778326302667
2017-10-27 00:41:34.773171,0.020660130123293798
2017-10-27 00:41:36.123271,0.02030857888496348
2017-10-27 00:41:37.473035,0.021134017566799446
2017-10-27 00:45:56.110624,0.01989578299682509
2017-10-27 00:45:57.443374,0.020368128825024107
2017-10-27 00:45:58.793323,0.022058441972650226
2017-10-27 00:46:00.143085,0.020839111778517543
2017-10-27 00:46:01.493633,0.021687996551177414
2017-10-27 00:46:02.843562,0.020141341424374626
2017-10-27 00:46:04.194067,0.020603967365750434
2017-10-27 00:46:05.543302,0.020141632496666624
2017-10-27 00:46:06.893647,0.021073465622632716
2017-10-27 00:46:08.244295,0.02179921766247742
2017-10-27 00:46:09.597673,0.02084002116750932
2017-10-27 00:46:10.944021,0.02002368987392972
2017-10-27 00:46:12.293519,0.020485795804305037
2017-10-27 00:46:13.643568,0.01991467336293629
2017-10-27 00:46:14.993984,0.0194703835788718
2017-10-27 00:46:16.343643,0.02025656273387193
2017-10-27 00:46:17.693971,0.020956969508023175
2017-10-27 00:46:19.043343,0.020838205916339954
2017-10-27 00:46:20.393757,0.021072526365410408
2017-10-27 00:46:21.743345,0.019032074939656647
2017-10-27 00:46:23.094106,0.0211981605312066
2017-10-27 00:46:24.443382,0.01957764330900636
2017-10-27 00:46:25.793621,0.019915248822124684
2017-10-27 00:46:27.143622,0.019914380647842393
2017-10-27 00:46:28.493550,0.020582935771842607
2017-10-27 00:46:29.843314,0.019911783021326394
2017-10-27 00:46:31.193584,0.01979974922023902
2017-10-27 00:46:32.543389,0.021440788353391277
2017-10-27 00:46:33.893429,0.021197540650979414
2017-10-27 00:46:35.243557,0.020027188998741518
2017-10-27 00:46:36.602997,0.020487879570920936
2017-10-27 00:46:37.943685,0.01958076392729431
2017-10-27 00:46:39.293569,0.02060337041982925
2017-10-27 00:46:40.643500,0.020604267568821805
2017-10-27 00:46:41.993438,0.02002690323108211
2017-10-27 00:46:43.343501,0.020141632496666624
2017-10-27 00:46:44.694143,0.020603967365750434
2017-10-27 00:46:46.043547,0.01924988830197087
2017-10-27 00:46:47.394089,0.018282525600946883
2017-10-27 00:46:48.742609,0.01991467336293629
2017-10-27 00:46:50.093243,0.020026308286123548
2017-10-27 00:46:51.443816,0.02095788152292455
2017-10-27 00:46:52.793433,0.02060456662686987
2017-10-27 00:46:54.145274,0.02060337041982925
2017-10-27 00:46:55.493599,0.020371091378569312
2017-10-27 00:46:56.843838,0.020028059680718316
2017-10-27 00:46:58.193272,0.019687887845735216
2017-10-27 00:46:59.543527,0.022696077361271785
2017-10-27 00:47:00.893287,0.019774483234086523
2017-10-27 00:47:02.243670,0.02048609395770687
2017-10-27 00:47:03.593652,0.019912072360882518
2017-10-27 00:47:04.943781,0.020720536085096213
2017-10-27 00:47:06.293893,0.020140755930691204
2017-10-27 00:47:07.643858,0.01991148144251163
2017-10-27 00:47:09.002984,0.0208369911985707
2017-10-27 00:47:10.343782,0.021561770263262628
2017-10-27 00:47:11.693998,0.020839718034576304
2017-10-27 00:47:13.043805,0.02048639326452317
2017-10-27 00:47:14.394052,0.021687364437988344
2017-10-27 00:47:15.743910,0.01749010032779641
2017-10-27 00:47:17.094085,0.019685599759046785
2017-10-27 00:47:18.444044,0.020255095260596337
2017-10-27 00:47:19.794187,0.01902849399557246
2017-10-27 00:47:21.143857,0.019793086747534563
2017-10-27 00:47:22.494285,0.01957905902139896
2017-10-27 00:47:23.844074,0.020485493063290363
2017-10-27 00:47:25.194010,0.01957480239936726
2017-10-27 00:47:26.545967,0.020140174935003745
2017-10-27 00:47:27.894344,0.020026315009019028
2017-10-27 00:47:29.244163,0.01957420791468448
2017-10-27 00:47:30.593959,0.021933816763369775
2017-10-27 00:47:31.944410,0.01924653425663375
2017-10-27 00:47:33.294337,0.019357379484931946
2017-10-27 00:47:34.644098,0.01980204529753973
2017-10-27 00:47:35.994139,0.02084002116750932
2017-10-27 00:47:37.344165,0.020603967365750434
2017-10-27 00:47:38.694263,0.020023400830615868
2017-10-27 00:47:40.044273,0.020603070232326957
2017-10-27 00:47:41.394440,0.020255974375682956
2017-10-27 00:47:42.744762,0.02013899503619624
2017-10-27 00:47:44.095854,0.01902789348998913
2017-10-27 00:47:45.511817,0.020957881522924594
2017-10-27 00:47:46.861976,0.021319375377068957
2017-10-27 00:47:48.211786,0.02205780064540268
2017-10-27 00:47:49.561696,0.02119631277348009
2017-10-27 00:47:50.911916,0.022700058666389866
2017-10-27 00:47:52.261399,0.020721141708565642
2017-10-27 00:47:53.612893,0.019915826515961802
2017-10-27 00:47:54.961884,0.020837896997852587
2017-10-27 00:47:56.311828,0.020027188998741518
2017-10-27 00:47:57.662578,0.020140174935003745
2017-10-27 00:47:59.011897,0.020141634741452148
2017-10-27 00:48:00.362085,0.021078074109178918
2017-10-27 00:48:01.711871,0.019802336046987647
2017-10-27 00:48:03.062044,0.02037109364223187
2017-10-27 00:48:04.411879,0.020027188998741518
2017-10-27 00:48:05.762181,0.020371682580990497
2017-10-27 00:48:07.111986,0.02179707310017235
2017-10-27 00:48:08.461831,0.020254501306552347
2017-10-27 00:48:09.812027,0.020371091378569312
2017-10-27 00:48:11.162026,0.020594945948662405
2017-10-27 00:48:12.512068,0.019445873894685422
2017-10-27 00:48:13.862109,0.021196310424302096
2017-10-27 00:48:15.212094,0.02048698617578027
2017-10-27 00:48:16.562284,0.018279960844060108
2017-10-27 00:48:17.912320,0.01991467336293629
2017-10-27 00:48:19.262715,0.019355390883655406
2017-10-27 00:48:20.615888,0.02048221825516842
2017-10-27 00:48:21.962623,0.01991553822166733
2017-10-27 00:48:23.312318,0.020138414101010842
2017-10-27 00:48:24.662394,0.02156334630938927
2017-10-27 00:48:26.012252,0.01881091886710255
2017-10-27 00:48:27.362337,0.020603967365750372
2017-10-27 00:48:28.712298,0.02072114286064625
2017-10-27 00:48:30.062988,0.01922848942339369
2017-10-27 00:48:31.412295,0.020252733079912853
2017-10-27 00:48:32.762238,0.02037227380384812
2017-10-27 00:48:34.112415,0.01991322202124255
2017-10-27 00:48:35.462049,0.01979543416858208
2017-10-27 00:48:36.812386,0.020141924693506626
2017-10-27 00:48:38.162509,0.01902904325899367
2017-10-27 00:48:39.512468,0.020027480336829367
2017-10-27 00:48:40.862895,0.019578775436230655
2017-10-27 00:48:42.212430,0.019691320456735217
2017-10-27 00:48:43.562283,0.019914960537790672
2017-10-27 00:48:44.911524,0.020137815173445508
2017-10-27 00:48:46.262438,0.019909448353183347
2017-10-27 00:48:47.612461,0.01957107410591993
2017-10-27 00:48:48.962494,0.019802331636050063
2017-10-27 00:48:50.312385,0.0204875813865652
2017-10-27 00:48:51.662648,0.02168164714827114
2017-10-27 00:48:53.012521,0.019353410025083548
2017-10-27 00:48:54.362488,0.02037109137856927
2017-10-27 00:48:55.712507,0.020477096049571458
2017-10-27 00:48:57.062793,0.019912944878434216
2017-10-27 00:48:58.412446,0.019358495378275987
2017-10-27 00:48:59.762580,0.018905135906442026
2017-10-27 00:49:01.112611,0.02180681488500965
2017-10-27 00:49:02.462990,0.02025421955466884
2017-10-27 00:49:03.812874,0.02060337041982921
2017-10-27 00:49:05.162595,0.019139226522560518
2017-10-27 00:49:06.512453,0.01991553822166733
2017-10-27 00:49:07.862880,0.020370497921384095
2017-10-27 00:49:09.212671,0.020255680207115087
2017-10-27 00:49:10.562728,0.02131999473583836
2017-10-27 00:49:11.912802,0.021687996551177414
2017-10-27 00:49:13.262727,0.02071660750883662
2017-10-27 00:49:14.612717,0.01860785162899124
2017-10-27 00:49:15.962642,0.020026317238504867
2017-10-27 00:49:17.312563,0.021197545385812054
2017-10-27 00:49:18.662577,0.020025729002576816
2017-10-27 00:49:20.012865,0.01968931858578391
2017-10-27 00:49:21.362919,0.019241510654997806
2017-10-27 00:49:22.712490,0.019356527220514334
2017-10-27 00:49:24.062667,0.020141341424374626
2017-10-27 00:49:25.412661,0.01925100216635625
2017-10-27 00:49:26.762803,0.019247390350107817
2017-10-27 00:49:28.112424,0.020141632496666624
2017-10-27 00:49:29.462736,0.02072174503111505
2017-10-27 00:49:30.813093,0.020721141708565642
2017-10-27 00:49:32.162838,0.021679448265255016
2017-10-27 00:49:33.512841,0.020957577514688342
2017-10-27 00:49:34.862727,0.017276661014194714
2017-10-27 00:49:36.212749,0.02024563455785291
2017-10-27 00:49:37.562769,0.02072204612121146
2017-10-27 00:49:38.912942,0.021319063921078962
2017-10-27 00:49:40.262812,0.020255390551886684
2017-10-27 00:49:41.613187,0.019800904375206364
2017-10-27 00:49:42.962945,0.022189098599810275
2017-10-27 00:49:44.312743,0.02131813434644697
2017-10-27 00:49:45.662959,0.020253612072885323
2017-10-27 00:50:30.101528,0.019955850604168036
2017-10-27 00:50:31.433251,0.019848946333591775
2017-10-27 00:51:32.942920,0.01974050534033123
2017-10-27 00:51:34.276034,0.019422043952698476
2017-10-27 00:51:35.625607,0.022645166964814282
2017-10-27 00:51:36.975495,0.019867447721525842
2017-10-27 00:51:38.325784,0.02101985620187514
2017-10-27 00:51:39.676144,0.02139259593503023
2017-10-27 00:51:41.025672,0.021270393580922142
2017-10-27 00:51:42.375884,0.021636992104468816
2017-10-27 00:51:43.725768,0.02055287570214249
2017-10-27 00:51:45.075909,0.021762029487468856
2017-10-27 00:51:46.425926,0.020095577213599735
2017-10-27 00:51:47.775889,0.020440518550590595
2017-10-27 00:51:49.125928,0.02020948866551034
2017-10-27 00:51:50.475916,0.019755542770094593
2017-10-27 00:51:51.825952,0.020322989129291983
2017-10-27 00:51:53.175932,0.022394018008176184
2017-10-27 00:51:54.525698,0.02127132209379868
2017-10-27 00:51:55.876032,0.020789821054368173
2017-10-27 00:51:57.226294,0.01998127240565099
2017-10-27 00:51:58.576132,0.019637799605425364
2017-10-27 00:51:59.926112,0.022607408159595884
2017-10-27 00:52:01.275858,0.02102999902981702
2017-10-27 00:52:02.636603,0.01909717617618846
2017-10-27 00:52:03.979966,0.019640965127736863
2017-10-27 00:52:05.326349,0.020318583345011642
2017-10-27 00:52:06.675655,0.020324464715637577
2017-10-27 00:52:08.026172,0.01986512684506892
2017-10-27 00:52:09.376652,0.020556764011564158
2017-10-27 00:52:10.725979,0.019534543403433184
2017-10-27 00:52:12.076043,0.019532276422896094
2017-10-27 00:52:13.426158,0.02020948866551034
2017-10-27 00:52:14.787040,0.01931424771597427
2017-10-27 00:52:16.125593,0.019533975816757632
2017-10-27 00:52:17.476203,0.019532840691125482
2017-10-27 00:52:18.826253,0.02091025609233333
2017-10-27 00:52:20.176586,0.01867006729162311
2017-10-27 00:52:21.526064,0.019533975816757632
2017-10-27 00:52:22.876024,0.019645242161050954
2017-10-27 00:52:24.226159,0.020324464715637577
2017-10-27 00:52:25.580084,0.02027817430442002
2017-10-27 00:52:26.926593,0.01953198338359023
2017-10-27 00:52:28.276137,0.02067409846483566
2017-10-27 00:52:29.626134,0.019096077580638728
2017-10-27 00:52:30.976150,0.02020948866551034
2017-10-27 00:52:32.326579,0.019422894436431814
2017-10-27 00:52:33.676071,0.019980981423886005
2017-10-27 00:52:35.026261,0.02043873513080609
2017-10-27 00:52:36.377252,0.019529711240997113
2017-10-27 00:52:37.725913,0.019864554433617197
2017-10-27 00:52:39.079166,0.020089779140554223
2017-10-27 00:52:40.425922,0.02032032041162585
2017-10-27 00:52:41.776038,0.02020537002509707
2017-10-27 00:52:43.125913,0.02138884373513186
2017-10-27 00:52:44.476529,0.01815312388182472
2017-10-27 00:52:45.825990,0.021024801194180626
2017-10-27 00:52:47.176069,0.020556165492508396
2017-10-27 00:52:48.526012,0.018860988237663617
2017-10-27 00:52:49.875995,0.019301890985971452
2017-10-27 00:52:51.226019,0.020790108725380764
2017-10-27 00:52:52.576145,0.021391973112699504
2017-10-27 00:52:53.926056,0.01953142023129726
2017-10-27 00:52:55.276068,0.018445438449541683
2017-10-27 00:52:56.626518,0.019975185023890743
2017-10-27 00:52:57.976849,0.019532840691125482
2017-10-27 00:52:59.326327,0.018556138453509223
2017-10-27 00:53:00.677335,0.018985458019798535
2017-10-27 00:53:02.027820,0.019645242161050954
2017-10-27 00:53:03.376176,0.020791025081415594
2017-10-27 00:53:55.626902,18.1875,0.02036729348571099
2017-10-27 00:53:56.959664,17.46875,0.018707250298485512
2017-10-27 00:53:58.309771,17.78125,0.018710228714454966
2017-10-27 00:53:59.659444,17.6875,0.020022557687330224
2017-10-27 00:54:01.010505,17.90625,0.01979650143543775
2017-10-27 00:54:02.359906,17.8125,0.019022114287430458
2017-10-27 00:54:03.709809,18.09375,0.02002285022338662
2017-10-27 00:54:05.059726,17.8125,0.019244372213947036
2017-10-27 00:54:06.410722,18.125,0.019354269598160147
2017-10-27 00:54:07.759821,17.6875,0.020367295758802903
2017-10-27 00:54:09.109879,17.875,0.01957176037604623
2017-10-27 00:54:10.459883,17.9375,0.020137473463533517
2017-10-27 00:54:11.810463,18.09375,0.01881432330005631
2017-10-27 00:54:13.159746,18.03125,0.020955655634857635
2017-10-27 00:54:14.509770,17.96875,0.01913660527469885
2017-10-27 00:54:15.859794,17.78125,0.01979563896191497
2017-10-27 00:54:17.210542,17.96875,0.019242699089701786
2017-10-27 00:54:18.560058,17.90625,0.019796212834018813
2017-10-27 00:54:19.909840,18.1875,0.01979736064895091
2017-10-27 00:54:21.259994,18.09375,0.01946237195867552
2017-10-27 00:54:22.611140,18.09375,0.02036670211419844
2017-10-27 00:54:23.960545,17.96875,0.019463217165375465
2017-10-27 00:54:25.309970,17.90625,0.02036670211419844
2017-10-27 00:54:26.659838,17.90625,0.02002168681996777
2017-10-27 00:54:28.010151,17.96875,0.01946180306859389
2017-10-27 00:54:29.359850,17.96875,0.01900070706991978
2017-10-27 00:54:30.709790,18.28125,0.020251703182815807
2017-10-27 00:54:32.059838,18.09375,0.019574889199105525
2017-10-27 00:54:33.410041,18.09375,0.019910158850000397
2017-10-27 00:54:34.760394,18.0625,0.019025968861783225
2017-10-27 00:54:36.109964,18.15625,0.01946180306859389
2017-10-27 00:54:37.459789,17.96875,0.02013541748020139
2017-10-27 00:54:38.809958,18.125,0.01968417941668546
2017-10-27 00:54:40.160085,18.21875,0.018288795946237113
2017-10-27 00:54:41.509654,17.9375,0.020023431949575867
2017-10-27 00:54:42.860307,18.28125,0.018291167846348343
2017-10-27 00:54:44.210760,18.09375,0.02002285022338656
2017-10-27 00:54:45.559935,18.15625,0.020367295758802903
2017-10-27 00:54:46.909997,18.125,0.019135218349807998
2017-10-27 00:54:48.261502,17.9375,0.020023723378517315
2017-10-27 00:54:49.610226,18.125,0.02025258484811391
2017-10-27 00:54:50.960049,17.96875,0.019025419378421744
2017-10-27 00:54:52.310400,18.1875,0.019463503248962077
2017-10-27 00:54:53.660167,18.0625,0.019685892846068836
2017-10-27 00:54:55.010310,17.84375,0.01924353294577724
2017-10-27 00:54:56.360116,17.9375,0.01979736064895091
2017-10-27 00:54:57.715941,18.21875,0.018918560471849536
2017-10-27 00:54:59.061234,18.125,0.019025968861783225
2017-10-27 00:55:00.409811,18.3125,0.01913299265579431
2017-10-27 00:55:01.760330,18.375,0.01990900324134915
2017-10-27 00:55:03.109968,17.875,0.01798023624524422
2017-10-27 00:55:04.459819,18.03125,0.020023723378517315
2017-10-27 00:55:05.810428,17.96875,0.019029278921099697
2017-10-27 00:55:07.160220,18.03125,0.020136304377043657
2017-10-27 00:55:08.510029,18.0625,0.020137473463533517
2017-10-27 00:55:09.859970,18.28125,0.02025052166648073
2017-10-27 00:55:11.209880,18.28125,0.01892239631166213
2017-10-27 00:55:12.560572,18.21875,0.021935844983570436
2017-10-27 00:55:13.909782,18.09375,0.021686717834269734
2017-10-27 00:55:15.259851,18.15625,0.020016452380886052
2017-10-27 00:55:16.609842,18.09375,0.02013163987696102
2017-10-27 00:55:17.960699,18.09375,0.01946406567103041
2017-10-27 00:55:19.310289,18.34375,0.019464065671030373
2017-10-27 00:55:20.659994,18.0625,0.02036640700290177
2017-10-27 00:55:22.010412,18.15625,0.02119634320882638
2017-10-27 00:55:23.359912,17.90625,0.020955959777115892
2017-10-27 00:55:24.709904,18.375,0.019906101212212906
2017-10-27 00:55:26.060039,18.46875,0.020835168599155057
2017-10-27 00:55:27.409810,18.21875,0.018808053724017545
2017-10-27 00:55:28.759871,18.125,0.019352580776735864
2017-10-27 00:55:30.109843,17.90625,0.01946180306859389
2017-10-27 00:55:31.459874,18.09375,0.019244651258665965
2017-10-27 00:55:32.809996,18.15625,0.02002168681996777
2017-10-27 00:55:34.159838,18.125,0.019908425472658337
2017-10-27 00:55:35.509849,18.15625,0.01990957881763322
2017-10-27 00:55:36.860000,18.09375,0.019796212834018813
2017-10-27 00:55:38.210090,18.03125,0.02025110902210866
2017-10-27 00:55:39.559863,18.125,0.020252290579261853
2017-10-27 00:55:40.909678,18.125,0.020599949810249096
2017-10-27 00:55:42.259698,18.1875,0.0204839721844706
2017-10-27 00:55:43.610047,18.09375,0.01892102469468766
2017-10-27 00:55:44.959938,18.15625,0.020022852450765488
2017-10-27 00:55:46.309879,18.1875,0.01967727103882653
2017-10-27 00:55:47.659876,18.21875,0.02013689003143168
2017-10-27 00:55:49.009935,18.34375,0.019354550541940362
2017-10-27 00:55:50.359930,18.28125,0.017669642068231135
2017-10-27 00:55:51.709840,18.125,0.020023431949575867
2017-10-27 00:55:53.059867,18.125,0.020600546965003158
2017-10-27 00:55:54.409954,18.125,0.01870644614330201
2017-10-27 00:55:55.760035,18.15625,0.019685608358216016
2017-10-27 00:55:57.109781,18.09375,0.018600080728184237
2017-10-27 00:55:58.459852,18.125,0.019350892097483734
2017-10-27 00:55:59.810045,17.96875,0.018815411967179438
2017-10-27 00:56:01.160375,18.15625,0.0195743229607608
2017-10-27 00:56:02.509796,18.21875,0.018918831806086202
2017-10-27 00:56:03.859928,17.96875,0.018807754845045765
2017-10-27 00:56:05.210037,18.1875,0.018289301845158857
2017-10-27 00:56:06.559876,18.21875,0.019354550541940362
2017-10-27 00:56:07.910036,18.03125,0.018921848285565097
2017-10-27 00:56:09.260013,18.125,0.01979736064895091
2017-10-27 00:56:10.609866,18.125,0.020484270467344308
2017-10-27 00:56:11.959923,18.21875,0.019242410395670505
2017-10-27 00:56:13.309812,18.34375,0.01990495251943779
2017-10-27 00:56:14.659695,18.21875,0.01935371095289483
2017-10-27 00:56:16.009752,18.1875,0.01979707203261241
2017-10-27 00:56:17.359738,18.34375,0.019353986498173267
2017-10-27 00:56:18.709610,18.1875,0.019460691373712882
2017-10-27 00:56:20.059902,18.09375,0.019574889199105525
2017-10-27 00:56:21.410101,18.21875,0.0192438173448721
2017-10-27 00:56:22.760287,18.28125,0.01913466402117387
2017-10-27 00:56:24.109818,18.15625,0.019464348514180076
2017-10-27 00:56:25.459611,18.28125,0.019907560514736612
2017-10-27 00:56:26.813656,18.4375,0.021195108843206047
2017-10-27 00:56:28.159680,18.5,0.02206233236338533
2017-10-27 00:56:29.509658,18.09375,0.02119634320882638
